<?xml version="1.0" encoding="UTF-8"?>
<project-private xmlns="http://www.netbeans.org/ns/project-private/1">
    <editor-bookmarks xmlns="http://www.netbeans.org/ns/editor-bookmarks/2" lastBookmarkId="0"/>
    <open-files xmlns="http://www.netbeans.org/ns/projectui-open-files/2">
        <group>
            <file>file:/C:/Users/lwand/OneDrive/Documents/Save%20Our%20Planet%20(1)/Save%20Our%20Planet/public_html/css/style.css</file>
            <file>file:/C:/Users/lwand/OneDrive/Documents/Save%20Our%20Planet%20(1)/Save%20Our%20Planet/public_html/get_involved.html</file>
        </group>
    </open-files>
</project-private>
